method,samples,answer_correctness,answer_correctness_ci,typed_conflict_f1,typed_conflict_f1_ci,revision_accuracy,revision_accuracy_ci,overclaim_reduction,overclaim_reduction_ci,counter_evidence_recall,counter_evidence_recall_ci,unsupported_claim_rate,unsupported_claim_rate_ci
far,60,0.7973782240376361,"[0.7555, 0.8415]",0.42038216560509556,"[0.3356, 0.5000]",0.21666666666666667,"[0.1333, 0.3167]",0.0625,"[0.0000, 0.1875]",0.9833333333333333,"[0.9500, 1.0000]",0.016666666666666666,"[0.0000, 0.0500]"
vanilla,60,0.7245870412331681,"[0.6744, 0.7732]",0.0,"[0.0000, 0.0000]",0.0,"[0.0000, 0.0000]",0.875,"[0.7500, 1.0000]",0.6666666666666666,"[0.5500, 0.7833]",0.26666666666666666,"[0.1667, 0.3833]"
multi_query_rag,60,0.7008441161832478,"[0.6636, 0.7375]",0.0,"[0.0000, 0.0000]",0.0,"[0.0000, 0.0000]",0.875,"[0.7500, 1.0000]",0.8166666666666667,"[0.7167, 0.9000]",0.13333333333333333,"[0.0667, 0.2167]"
reflective_rag,60,0.6777619272383332,"[0.6359, 0.7210]",0.0,"[0.0000, 0.0000]",0.0,"[0.0000, 0.0000]",0.6875,"[0.4375, 0.8750]",0.75,"[0.6333, 0.8500]",0.18333333333333332,"[0.1000, 0.2833]"
crag_style_reproduction,60,0.7721783752131516,"[0.7267, 0.8145]",0.0,"[0.0000, 0.0000]",0.0,"[0.0000, 0.0000]",0.75,"[0.5625, 0.9375]",0.6666666666666666,"[0.5500, 0.7833]",0.26666666666666666,"[0.1667, 0.3833]"
self_rag_style_reproduction,60,0.750966618993484,"[0.7088, 0.7912]",0.0,"[0.0000, 0.0000]",0.0,"[0.0000, 0.0000]",0.75,"[0.5625, 0.8750]",0.8166666666666667,"[0.7167, 0.9000]",0.15,"[0.0833, 0.2333]"
counterrefine_style_reproduction,60,0.7101912416978827,"[0.6683, 0.7510]",0.0,"[0.0000, 0.0000]",0.0,"[0.0000, 0.0000]",0.8125,"[0.7500, 0.9375]",0.8833333333333333,"[0.8000, 0.9500]",0.08333333333333333,"[0.0167, 0.1500]"
