{
  "aggregate": {
    "by_category": {
      "causal_overclaim": {
        "answer_correctness": 0.530682191912511,
        "answer_exact_match": 0.0,
        "conflict_detected": 1.0,
        "counter_evidence_recall": 0.9166666666666666,
        "evidence_precision": 0.2771783771783772,
        "evidence_recall": 0.9583333333333334,
        "overclaim_reduction": 0.3333333333333333,
        "revision_accuracy": 0.16666666666666666,
        "revision_action_correct": 0.4166666666666667,
        "typed_conflict_correct": 0.5,
        "unsupported_claim_rate": 0.0
      },
      "entity_confusion": {
        "answer_correctness": 0.5171209919847543,
        "answer_exact_match": 0.0,
        "conflict_detected": 0.8333333333333334,
        "counter_evidence_recall": 1.0,
        "evidence_precision": 0.18155363155363155,
        "evidence_recall": 1.0,
        "overclaim_reduction": 0.0,
        "revision_accuracy": 0.0,
        "revision_action_correct": 0.16666666666666666,
        "typed_conflict_correct": 0.3333333333333333,
        "unsupported_claim_rate": 0.0
      },
      "multi_source_conflict": {
        "answer_correctness": 0.5848309565711469,
        "answer_exact_match": 0.0,
        "conflict_detected": 0.8333333333333334,
        "counter_evidence_recall": 0.8333333333333334,
        "evidence_precision": 0.14348845598845597,
        "evidence_recall": 0.8333333333333334,
        "overclaim_reduction": 0.0,
        "revision_accuracy": 0.08333333333333333,
        "revision_action_correct": 0.4166666666666667,
        "typed_conflict_correct": 0.5,
        "unsupported_claim_rate": 0.16666666666666666
      },
      "numerical_conflict": {
        "answer_correctness": 0.574019117501322,
        "answer_exact_match": 0.0,
        "conflict_detected": 0.9166666666666666,
        "counter_evidence_recall": 0.9166666666666666,
        "evidence_precision": 0.13799603174603176,
        "evidence_recall": 0.9166666666666666,
        "overclaim_reduction": 0.25,
        "revision_accuracy": 0.16666666666666666,
        "revision_action_correct": 0.5833333333333334,
        "typed_conflict_correct": 0.75,
        "unsupported_claim_rate": 0.08333333333333333
      },
      "temporal_shift": {
        "answer_correctness": 0.5477817506776982,
        "answer_exact_match": 0.0,
        "conflict_detected": 0.8333333333333334,
        "counter_evidence_recall": 1.0,
        "evidence_precision": 0.17549603174603176,
        "evidence_recall": 1.0,
        "overclaim_reduction": 0.0,
        "revision_accuracy": 0.0,
        "revision_action_correct": 0.16666666666666666,
        "typed_conflict_correct": 0.4166666666666667,
        "unsupported_claim_rate": 0.0
      }
    },
    "conflict_presence_counts": {
      "gold": 60,
      "predicted": 53,
      "true_positives": 53
    },
    "metrics": {
      "answer_correctness": 0.5508870017294866,
      "answer_exact_match": 0.0,
      "conflict_detected": 0.8833333333333333,
      "conflict_presence_f1": 0.9380530973451328,
      "counter_evidence_recall": 0.9333333333333333,
      "evidence_precision": 0.18314250564250564,
      "evidence_recall": 0.9416666666666667,
      "overclaim_reduction": 0.3125,
      "revision_accuracy": 0.08333333333333333,
      "revision_action_correct": 0.35,
      "typed_conflict_correct": 0.5,
      "typed_conflict_f1": 0.4,
      "unsupported_claim_rate": 0.05
    },
    "samples": 60,
    "typed_conflict_counts": {
      "gold": 60,
      "predicted": 90,
      "scored_samples": 60,
      "true_positives": 30
    }
  },
  "comparison": null,
  "confidence_intervals": {
    "answer_correctness": {
      "confidence": 0.95,
      "estimate": 0.5508870017294866,
      "lower": 0.4771148886681411,
      "method": "stratified-percentile-bootstrap-v1",
      "metric": "answer_correctness",
      "resamples": 2000,
      "seed": 1729,
      "strata": {
        "causal_overclaim": 12,
        "entity_confusion": 12,
        "multi_source_conflict": 12,
        "numerical_conflict": 12,
        "temporal_shift": 12
      },
      "upper": 0.6273631927849828
    },
    "answer_exact_match": {
      "confidence": 0.95,
      "estimate": 0.0,
      "lower": 0.0,
      "method": "stratified-percentile-bootstrap-v1",
      "metric": "answer_exact_match",
      "resamples": 2000,
      "seed": 1729,
      "strata": {
        "causal_overclaim": 12,
        "entity_confusion": 12,
        "multi_source_conflict": 12,
        "numerical_conflict": 12,
        "temporal_shift": 12
      },
      "upper": 0.0
    },
    "conflict_detected": {
      "confidence": 0.95,
      "estimate": 0.8833333333333333,
      "lower": 0.8,
      "method": "stratified-percentile-bootstrap-v1",
      "metric": "conflict_detected",
      "resamples": 2000,
      "seed": 1729,
      "strata": {
        "causal_overclaim": 12,
        "entity_confusion": 12,
        "multi_source_conflict": 12,
        "numerical_conflict": 12,
        "temporal_shift": 12
      },
      "upper": 0.95
    },
    "conflict_presence_f1": {
      "confidence": 0.95,
      "estimate": 0.9380530973451328,
      "lower": 0.8888888888888888,
      "method": "stratified-percentile-bootstrap-conflict-presence-f1-v1",
      "metric": "conflict_presence_f1",
      "resamples": 2000,
      "seed": 1729,
      "strata": {
        "causal_overclaim": 12,
        "entity_confusion": 12,
        "multi_source_conflict": 12,
        "numerical_conflict": 12,
        "temporal_shift": 12
      },
      "upper": 0.9743589743589743
    },
    "counter_evidence_recall": {
      "confidence": 0.95,
      "estimate": 0.9333333333333333,
      "lower": 0.8666666666666667,
      "method": "stratified-percentile-bootstrap-v1",
      "metric": "counter_evidence_recall",
      "resamples": 2000,
      "seed": 1729,
      "strata": {
        "causal_overclaim": 12,
        "entity_confusion": 12,
        "multi_source_conflict": 12,
        "numerical_conflict": 12,
        "temporal_shift": 12
      },
      "upper": 0.9833333333333333
    },
    "evidence_precision": {
      "confidence": 0.95,
      "estimate": 0.18314250564250564,
      "lower": 0.15336962805712806,
      "method": "stratified-percentile-bootstrap-v1",
      "metric": "evidence_precision",
      "resamples": 2000,
      "seed": 1729,
      "strata": {
        "causal_overclaim": 12,
        "entity_confusion": 12,
        "multi_source_conflict": 12,
        "numerical_conflict": 12,
        "temporal_shift": 12
      },
      "upper": 0.2150575732138232
    },
    "evidence_recall": {
      "confidence": 0.95,
      "estimate": 0.9416666666666667,
      "lower": 0.875,
      "method": "stratified-percentile-bootstrap-v1",
      "metric": "evidence_recall",
      "resamples": 2000,
      "seed": 1729,
      "strata": {
        "causal_overclaim": 12,
        "entity_confusion": 12,
        "multi_source_conflict": 12,
        "numerical_conflict": 12,
        "temporal_shift": 12
      },
      "upper": 0.9916666666666667
    },
    "overclaim_reduction": {
      "confidence": 0.95,
      "estimate": 0.3125,
      "lower": 0.125,
      "method": "stratified-percentile-bootstrap-v1",
      "metric": "overclaim_reduction",
      "resamples": 2000,
      "seed": 1729,
      "strata": {
        "causal_overclaim": 12,
        "numerical_conflict": 4
      },
      "upper": 0.5625
    },
    "revision_accuracy": {
      "confidence": 0.95,
      "estimate": 0.08333333333333333,
      "lower": 0.03333333333333333,
      "method": "stratified-percentile-bootstrap-v1",
      "metric": "revision_accuracy",
      "resamples": 2000,
      "seed": 1729,
      "strata": {
        "causal_overclaim": 12,
        "entity_confusion": 12,
        "multi_source_conflict": 12,
        "numerical_conflict": 12,
        "temporal_shift": 12
      },
      "upper": 0.15
    },
    "revision_action_correct": {
      "confidence": 0.95,
      "estimate": 0.35,
      "lower": 0.25,