{
  "baseline_scores_sha256": "46d0866a8ac0b6840f7b73cde5e835181ae73b1f625f35620f021510994f998a",
  "candidate_scores_sha256": "2f7d150db0b0543ae1ef4c8e4f35b121ecfdb264b7788996827689581a2ca4a0",
  "comparison": {
    "candidate_minus_baseline": 0.017142857142857144,
    "confidence": 0.95,
    "higher_is_better": true,
    "lower": -0.011499999999999875,
    "method": "paired-stratified-percentile-bootstrap-v1",
    "metric": "ramdocs_exact_match",
    "pairs": 350,
    "probability_candidate_better": 0.84,
    "resamples": 2000,
    "seed": 1729,
    "upper": 0.04857142857142857
  },
  "gate_a_passed": false,
  "mcnemar": {
    "baseline_only": 12,
    "candidate_only": 18,
    "discordant": 30,
    "method": "exact-two-sided-mcnemar-v1",
    "p_value": 0.361594608053565
  },
  "schema_version": "far-ramdocs-paired-comparison-v1"
}
