{
  "aggregate": {
    "by_category": {
      "causal_overclaim": {
        "answer_correctness": 0.8311772757310528,
        "answer_exact_match": 0.0,
        "conflict_detected": 1.0,
        "counter_evidence_recall": 0.9166666666666666,
        "evidence_precision": 0.2771783771783772,
        "evidence_recall": 0.9583333333333334,
        "overclaim_reduction": 0.4166666666666667,
        "revision_accuracy": 0.3333333333333333,
        "revision_action_correct": 0.5,
        "typed_conflict_correct": 0.5833333333333334,
        "unsupported_claim_rate": 0.0
      },
      "entity_confusion": {
        "answer_correctness": 0.887017400234098,
        "answer_exact_match": 0.0,
        "conflict_detected": 0.75,
        "counter_evidence_recall": 1.0,
        "evidence_precision": 0.1392917267917268,
        "evidence_recall": 1.0,
        "overclaim_reduction": 0.0,
        "revision_accuracy": 0.0,
        "revision_action_correct": 0.08333333333333333,
        "typed_conflict_correct": 0.3333333333333333,
        "unsupported_claim_rate": 0.0
      },
      "multi_source_conflict": {
        "answer_correctness": 0.8557286750969482,
        "answer_exact_match": 0.0,
        "conflict_detected": 0.8333333333333334,
        "counter_evidence_recall": 0.8333333333333334,
        "evidence_precision": 0.10876623376623377,
        "evidence_recall": 0.8333333333333334,
        "overclaim_reduction": 0.0,
        "revision_accuracy": 0.3333333333333333,
        "revision_action_correct": 0.4166666666666667,
        "typed_conflict_correct": 0.4166666666666667,
        "unsupported_claim_rate": 0.16666666666666666
      },
      "numerical_conflict": {
        "answer_correctness": 0.895005962255564,
        "answer_exact_match": 0.08333333333333333,
        "conflict_detected": 0.9166666666666666,
        "counter_evidence_recall": 0.9166666666666666,
        "evidence_precision": 0.13525432900432902,
        "evidence_recall": 0.9166666666666666,
        "overclaim_reduction": 0.25,
        "revision_accuracy": 0.5,
        "revision_action_correct": 0.5833333333333334,
        "typed_conflict_correct": 0.75,
        "unsupported_claim_rate": 0.08333333333333333
      },
      "temporal_shift": {
        "answer_correctness": 0.8695383664835675,
        "answer_exact_match": 0.0,
        "conflict_detected": 0.8333333333333334,
        "counter_evidence_recall": 1.0,
        "evidence_precision": 0.1484126984126984,
        "evidence_recall": 1.0,
        "overclaim_reduction": 0.0,
        "revision_accuracy": 0.08333333333333333,
        "revision_action_correct": 0.08333333333333333,
        "typed_conflict_correct": 0.3333333333333333,
        "unsupported_claim_rate": 0.0
      }
    },
    "conflict_presence_counts": {
      "gold": 60,
      "predicted": 52,
      "true_positives": 52
    },
    "metrics": {
      "answer_correctness": 0.8676935359602461,
      "answer_exact_match": 0.016666666666666666,
      "conflict_detected": 0.8666666666666667,
      "conflict_presence_f1": 0.9285714285714286,
      "counter_evidence_recall": 0.9333333333333333,
      "evidence_precision": 0.16178067303067303,
      "evidence_recall": 0.9416666666666667,
      "overclaim_reduction": 0.375,
      "revision_accuracy": 0.25,
      "revision_action_correct": 0.3333333333333333,
      "typed_conflict_correct": 0.48333333333333334,
      "typed_conflict_f1": 0.3741935483870968,
      "unsupported_claim_rate": 0.05
    },
    "samples": 60,
    "typed_conflict_counts": {
      "gold": 60,
      "predicted": 95,
      "scored_samples": 60,
      "true_positives": 29
    }
  },
  "comparison": null,
  "confidence_intervals": {
    "answer_correctness": {
      "confidence": 0.95,
      "estimate": 0.8676935359602461,
      "lower": 0.834520571079424,
      "method": "stratified-percentile-bootstrap-v1",
      "metric": "answer_correctness",
      "resamples": 2000,
      "seed": 1729,
      "strata": {
        "causal_overclaim": 12,
        "entity_confusion": 12,
        "multi_source_conflict": 12,
        "numerical_conflict": 12,
        "temporal_shift": 12
      },
      "upper": 0.8984373394375699
    },
    "answer_exact_match": {
      "confidence": 0.95,
      "estimate": 0.016666666666666666,
      "lower": 0.0,
      "method": "stratified-percentile-bootstrap-v1",
      "metric": "answer_exact_match",
      "resamples": 2000,
      "seed": 1729,
      "strata": {
        "causal_overclaim": 12,
        "entity_confusion": 12,
        "multi_source_conflict": 12,
        "numerical_conflict": 12,
        "temporal_shift": 12
      },
      "upper": 0.05
    },
    "conflict_detected": {
      "confidence": 0.95,
      "estimate": 0.8666666666666667,
      "lower": 0.7833333333333333,
      "method": "stratified-percentile-bootstrap-v1",
      "metric": "conflict_detected",
      "resamples": 2000,
      "seed": 1729,
      "strata": {
        "causal_overclaim": 12,
        "entity_confusion": 12,
        "multi_source_conflict": 12,
        "numerical_conflict": 12,
        "temporal_shift": 12
      },
      "upper": 0.95
    },
    "conflict_presence_f1": {
      "confidence": 0.95,
      "estimate": 0.9285714285714286,
      "lower": 0.8785046728971962,
      "method": "stratified-percentile-bootstrap-conflict-presence-f1-v1",
      "metric": "conflict_presence_f1",
      "resamples": 2000,
      "seed": 1729,
      "strata": {
        "causal_overclaim": 12,
        "entity_confusion": 12,
        "multi_source_conflict": 12,
        "numerical_conflict": 12,
        "temporal_shift": 12
      },
      "upper": 0.9743589743589743
    },
    "counter_evidence_recall": {
      "confidence": 0.95,
      "estimate": 0.9333333333333333,
      "lower": 0.8666666666666667,
      "method": "stratified-percentile-bootstrap-v1",
      "metric": "counter_evidence_recall",
      "resamples": 2000,
      "seed": 1729,
      "strata": {
        "causal_overclaim": 12,
        "entity_confusion": 12,
        "multi_source_conflict": 12,
        "numerical_conflict": 12,
        "temporal_shift": 12
      },
      "upper": 0.9833333333333333
    },
    "evidence_precision": {
      "confidence": 0.95,
      "estimate": 0.16178067303067303,
      "lower": 0.13716525719650718,
      "method": "stratified-percentile-bootstrap-v1",
      "metric": "evidence_precision",
      "resamples": 2000,
      "seed": 1729,
      "strata": {
        "causal_overclaim": 12,
        "entity_confusion": 12,
        "multi_source_conflict": 12,
        "numerical_conflict": 12,
        "temporal_shift": 12
      },
      "upper": 0.19110861592111592
    },
    "evidence_recall": {
      "confidence": 0.95,
      "estimate": 0.9416666666666667,
      "lower": 0.875,
      "method": "stratified-percentile-bootstrap-v1",
      "metric": "evidence_recall",
      "resamples": 2000,
      "seed": 1729,
      "strata": {
        "causal_overclaim": 12,
        "entity_confusion": 12,
        "multi_source_conflict": 12,
        "numerical_conflict": 12,
        "temporal_shift": 12
      },
      "upper": 0.9916666666666667
    },
    "overclaim_reduction": {
      "confidence": 0.95,
      "estimate": 0.375,
      "lower": 0.125,
      "method": "stratified-percentile-bootstrap-v1",
      "metric": "overclaim_reduction",
      "resamples": 2000,
      "seed": 1729,
      "strata": {
        "causal_overclaim": 12,
        "numerical_conflict": 4
      },
      "upper": 0.625
    },
    "revision_accuracy": {
      "confidence": 0.95,
      "estimate": 0.25,
      "lower": 0.15,
      "method": "stratified-percentile-bootstrap-v1",
      "metric": "revision_accuracy",
      "resamples": 2000,
      "seed": 1729,
      "strata": {
        "causal_overclaim": 12,
        "entity_confusion": 12,
        "multi_source_conflict": 12,
        "numerical_conflict": 12,
        "temporal_shift": 12
      },
      "upper": 0.35
    },