{
  "human_iaa": false,
  "hypotheses": {
    "H-component": {
      "gain_paths": {
        "changed_revision": 34,
        "detected_no_changed_revision": 0,
        "other": 0
      },
      "gain_samples": 34,
      "status": "not_supported"
    },
    "H-conflict-shape": {
      "detected_subset_comparison": {
        "candidate_minus_baseline": 0.006369426751592357,
        "confidence": 0.95,
        "higher_is_better": true,
        "lower": -0.044585987261146494,
        "method": "paired-stratified-percentile-bootstrap-v1",
        "metric": "ramdocs_exact_match",
        "pairs": 157,
        "probability_candidate_better": 0.5505,
        "resamples": 2000,
        "seed": 1729,
        "upper": 0.05732484076433121
      },
      "dev": {
        "counts": {
          "causal": 9,
          "counter_evidence": 12,
          "definition": 8,
          "entity": 6,
          "none": 7,
          "numerical": 36,
          "source_reliability": 8,
          "temporal": 18
        },
        "detected_samples": 53,
        "detection_rate": 0.8833333333333333,
        "distribution": {
          "causal": 0.08653846153846154,
          "counter_evidence": 0.11538461538461539,
          "definition": 0.07692307692307693,
          "entity": 0.057692307692307696,
          "none": 0.0673076923076923,
          "numerical": 0.34615384615384615,
          "source_reliability": 0.07692307692307693,
          "temporal": 0.17307692307692307
        },
        "samples": 60
      },
      "ramdocs": {
        "counts": {
          "causal": 1,
          "counter_evidence": 27,
          "definition": 3,
          "entity": 10,
          "none": 193,
          "numerical": 97,
          "temporal": 45
        },
        "detected_samples": 157,
        "detection_rate": 0.44857142857142857,
        "distribution": {
          "causal": 0.0026595744680851063,
          "counter_evidence": 0.07180851063829788,
          "definition": 0.007978723404255319,
          "entity": 0.026595744680851064,
          "none": 0.5132978723404256,
          "numerical": 0.2579787234042553,
          "temporal": 0.1196808510638298
        },
        "samples": 350
      },
      "status": "not_supported",
      "total_variation": 0.4459901800327332
    },
    "H-metric": {
      "comparison": {
        "candidate_minus_baseline": -0.0030612244897959195,
        "confidence": 0.95,
        "higher_is_better": true,
        "lower": -0.019986904761904765,
        "method": "paired-stratified-percentile-bootstrap-v1",
        "metric": "collection_f1",
        "pairs": 350,
        "probability_candidate_better": 0.36,
        "resamples": 2000,
        "seed": 1729,
        "upper": 0.013306632653061218
      },
      "descriptive_only": true,
      "reopens_gate_a": false,
      "status": "not_supported"
    },
    "H-upstream": {
      "comparison": {
        "candidate_minus_baseline": -0.0111731843575419,
        "confidence": 0.95,
        "higher_is_better": true,
        "lower": -0.05027932960893855,
        "method": "paired-stratified-percentile-bootstrap-v1",
        "metric": "ramdocs_exact_match",
        "pairs": 179,
        "probability_candidate_better": 0.267,
        "resamples": 2000,
        "seed": 1729,
        "upper": 0.027932960893854747
      },
      "complete_retrieval_samples": 179,
      "status": "not_supported"
    }
  },
  "publication_gold": false,
  "schema_version": "far-ws1-hypotheses-v1",
  "test_accessed": false
}
